"t","f_1","f_2","f_3","f_4","f_5","i","phoneme"
"0.024124999999999886","504.60956189762703","1585.2839844564062","4224.925858986593","5448.610575087745","nan","nan","sil"
"0.030374999999999885","504.6050646474192","1585.6650645744305","4223.618270294635","5448.611010136998","nan","-300.0","sil"
"0.03662499999999989","504.5957022509482","1586.4591182316776","4220.9082299634965","5448.611773375527","nan","-300.0","sil"
"0.042874999999999885","504.58519483517864","1587.3131906216645","4217.992206316378","5448.612321348677","nan","-300.0","sil"
"0.04912499999999989","504.5731266710235","1588.2298578154039","4214.843335664187","5448.612656513685","nan","-300.0","sil"
"0.05537499999999988","504.55995011629983","1589.2122461274346","4211.466168912356","5448.612784924566","nan","-300.0","sil"
"0.06162499999999989","504.54556143310447","1590.2728215973539","4207.821797176903","5448.612708297327","nan","-300.0","sil"
"0.06787499999999988","504.52982908620885","1591.431156241787","4203.861047332849","5448.612421890371","nan","-300.0","sil"
"0.07412499999999989","504.5121078764199","1592.6734382543086","4199.59793281921","5448.6119156770965","nan","-300.0","sil"
"0.08037499999999989","504.49218758200857","1593.9908251435295","4195.000558209453","5448.611179858237","nan","-300.0","sil"
"0.0866249999999999","504.4707402171958","1595.4280879052928","4189.983985080222","5448.6101863896865","nan","-300.0","sil"
"0.09287499999999989","504.4469449000236","1596.9987282691654","4184.528812758121","5448.608899379653","nan","-300.0","sil"
"0.0991249999999999","504.4199671818419","1598.6901915422523","4178.618002026632","5448.607282705349","nan","-300.0","sil"
"0.10537499999999989","504.3903117310181","1600.512110047428","4172.20285612979","5448.605298114799","nan","-300.0","sil"
"0.11162499999999989","504.3574090672237","1602.4869118126085","4165.191616607386","5448.602860753261","nan","-300.0","sil"
"0.1178749999999999","504.32005629488657","1604.6349017328791","4157.5010603214705","5448.599860426726","nan","-300.0","sil"
"0.12412499999999989","504.27834636998807","1606.9662230450917","4149.078127806926","5448.596185815786","nan","-300.0","sil"
"0.1303749999999999","504.2319468984049","1609.4757027933665","4139.9390341962835","5448.591710611153","nan","-300.0","sil"
"0.13662499999999989","504.1794173694741","1612.1969647776264","4129.941916152933","5448.586177719155","nan","-300.0","sil"
"0.1428749999999999","504.1196082364879","1615.1603897659425","4118.905503665188","5448.579235958997","nan","-300.0","sil"
"0.1491249999999999","504.05214087968386","1618.358660511828","4106.771542868233","5448.570478556098","nan","-300.0","sil"
"0.1553749999999999","503.9771059531252","1621.8044579704658","4093.515348297242","5448.559381557969","nan","-300.0","sil"
"0.16162499999999988","503.89259132768166","1625.5393117731498","4078.9957654336317","5448.544957465771","nan","-300.0","sil"
"0.16787499999999989","503.7962402165879","1629.5774006580111","4063.0532332518706","5448.525730442798","nan","-300.0","sil"
"0.1741249999999999","503.6876065367636","1633.9000988251623","4045.640266333213","5448.499626691255","nan","-300.0","sil"
"0.1803749999999999","503.5665007214674","1638.4677386470435","4026.8553096989317","5448.463539681945","nan","-300.0","sil"
"0.1866249999999999","503.430993644237","1643.2839952551908","4006.6231342507335","5448.411417799205","nan","-300.0","sil"
"0.1928749999999999","503.2797221990032","1648.3268320759316","3984.950572604645","5448.332593441238","nan","-300.0","sil"
"0.19912499999999989","503.114227584927","1653.4916331923996","3962.362002875275","5448.207844450571","nan","-300.0","sil"
"0.2053749999999999","502.9379259058943","1658.6117237109606","3939.693719456247","5448.000410774423","nan","-300.0","sil"
"0.2116249999999999","502.7550011395914","1663.5347659863405","3917.8893743398303","5447.625717622489","nan","-300.0","sil"
"0.2178749999999999","502.57573449211736","1668.0967193772035","3898.5528819419746","5446.904626814898","nan","-305.88201483271257","sil"
"0.2241249999999999","502.4233350183731","1671.9620963455286","3884.413672646925","5445.647035245636","nan","-297.7139531231735","sil"
"0.23037499999999989","502.33770733027","1674.4888369163787","3876.8681161263394","5444.353717159718","nan","-63.98351561258448","sil"
"0.2366249999999999","459.53794115363627","1613.7257617080927","3258.2446344212967","4599.251630597088","nan","-3.293027608648689","sil"
"0.2428749999999999","760.7145822393147","1840.091960161209","2904.540370798657","3992.259164266308","nan","-13.31651873771944","sil"
"0.2491249999999999","1146.7974877025335","2177.999985217879","3211.375107990323","4263.948973535393","nan","-8.763934412798113","sil"
"0.2553749999999999","1185.5662804996932","2249.6868130315233","3253.054299665996","4311.214678917073","nan","-3.73036816477925","sil"
"0.2616249999999999","1081.068521935527","2452.83157965942","3067.7380023916758","4369.310227576923","nan","-0.30961360955941697","sil"
"0.26787499999999986","954.7401932011571","2644.394950519762","2889.3339802344713","4426.516967999504","nan","0.5521374426150027","sil"
"0.2741249999999999","1032.8839861812266","2543.782379878807","3081.6600206678063","4455.567129055259","nan","0.15667580714450557","sil"
"0.2803749999999999","1186.9023079891613","2373.6956538028176","3328.574226003639","4481.510488893875","nan","0.42925114786439084","sil"
"0.2866249999999999","1229.4027586935204","2293.5300254535928","3349.910406149949","4419.783804490792","nan","2.5074820257292147","sil"
"0.2928749999999999","1231.2422245463117","2298.8055269156184","3361.0689312860095","4446.934642977429","nan","1.9968105257212871","sil"
"0.2991249999999999","1253.1620614690419","2358.9026059542025","3467.6900951067464","4643.151216492218","nan","2.014171165976679","sil"
"0.3053749999999999","713.9081161928676","1846.9078441191741","3211.3069111867817","4139.80789627492","4750.191625961807","3.2757638017284734","sil"
"0.3116249999999999","414.5568758321507","1532.3106165748281","2952.702232944884","3571.7117776845907","4768.387095414967","3.789081009432162","sil"
"0.3178749999999999","936.9071227394654","2021.3642232542466","3181.6609161990837","4019.8686609350943","nan","3.838579583993933","sil"
"0.3241249999999999","1214.0467457278596","2276.853892842138","3336.3619170360816","4398.550871001024","nan","7.07236276722728","sil"
"0.3303749999999999","1237.6583863134206","2315.246237159675","3393.800228466958","4515.900915438935","nan","9.991098605384083","sil"
"0.3366249999999999","1268.8516927463088","2369.0114816046043","3555.947271750744","4740.530972943904","nan","9.73769821367387","sil"
"0.34287499999999993","1459.043772702622","2466.8770149140955","3677.1006270686753","4808.302731040101","nan","10.107287436199933","sil"
"0.3491249999999999","1640.0644986831603","2593.966091174071","3724.2342954872447","4828.003531293962","nan","11.826227465077954","sil"
"0.3553749999999999","1482.1945599487217","2497.359424902261","3655.844066613145","4810.425643348217","nan","12.050572715931557","sil"
"0.3616249999999999","1115.7156645243329","2062.7678549487105","3210.2516641342672","4200.208742741155","4960.577728593543","10.053991478665075","sil"
"0.3678749999999999","1023.5981595393862","2020.4146097593248","3170.6096840333403","4253.075512438434","nan","7.069852924311459","sil"
"0.37412499999999993","1268.3733581622557","2298.476208471961","3588.87130186505","4804.789983923887","nan","7.352395375938884","sil"
"0.3803749999999999","1337.004717580594","2326.4452432613084","3629.371328575807","4525.763047347482","nan","6.69064311405203","sil"
"0.3866249999999999","1105.7764875229982","2204.745534004149","3505.5161297422974","4189.449393079723","nan","4.760998540438395","sil"
"0.3928749999999999","1203.2029950525248","2485.481114548118","3689.2812584709973","4479.996927404141","nan","3.6982270066351037","sil"
"0.3991249999999999","1428.9356673519014","2946.585114406368","4009.618330823334","4669.2130899265985","nan","9.036978091418833","sil"
"0.40537499999999993","1198.6310313522117","2587.9479724287003","3684.342648386312","4444.79483056797","nan","11.5647056404256","sil"
"0.4116249999999999","1023.885382058699","2172.9867367636125","3327.0407025734075","4551.781505418174","nan","13.202132234456943","sil"
"0.4178749999999999","1147.9043137575277","2259.423967446107","3424.8347753208564","nan","nan","14.634014954777031","sil"
"0.4241249999999999","1098.0483340052251","1952.4433365213208","3114.3077339967053","3314.3686145549736","nan","16.907957133480352","sil"
"0.4303749999999999","1041.9320520453061","1631.9290540303173","2722.1210995551737","3344.8821794838814","nan","27.168288879054685","sil"
"0.43662499999999993","997.3469826925909","1706.564737486331","2634.498123530907","3382.983295981867","nan","35.82658280360633","sil"
"0.4428749999999999","734.3836315324945","1700.6690988670634","2623.2820367068775","3383.469554950317","5020.189397127366","41.524352001688875","sil"
"0.4491249999999999","724.8421626433533","1750.3537976959942","2679.129337838028","3379.27966203566","nan","44.73918994261264","sil"
"0.4553749999999999","898.918401045119","1805.303467726971","2675.65644620628","3364.6827856791624","nan","47.170814588666566","sil"
"0.4616249999999999","991.520190410916","1791.8773871156714","2670.1925882845417","3325.4474023525704","nan","47.64515474482793","sil"
"0.46787499999999993","1195.4293428949154","1846.689223645813","2695.763698508802","3293.170573309501","nan","46.13229868725674","sil"
"0.4741249999999999","1316.615231025984","1984.9888977539124","2826.473046031493","3338.5064957691284","nan","43.22988926660638","sil"
"0.4803749999999999","1220.8560539273528","2050.948152406422","3043.4788968079965","3407.6158373918947","nan","39.610400873002476","sil"
"0.4866249999999999","1196.2905752175986","2090.9224895905145","3148.6162882593985","3512.813312222821","nan","35.119988086551004","sil"
"0.4928749999999999","1302.9828979791475","2119.3628797113106","3025.9194739778727","3526.5192862470467","nan","31.495348983350723","sil"
"0.49912499999999993","1456.7523714641115","1880.7534948777397","2845.3283785371746","3432.7042950797127","nan","29.54852661641881","sil"
"0.5053749999999999","1345.5141004979268","1835.9935858096665","2809.8830445351277","3434.463036806694","nan","29.268295280920942","sil"
"0.5116249999999999","1136.3150969210028","2041.785006535573","2815.2962133392475","3462.537312569777","nan","29.871330895848093","sil"
"0.5178749999999999","1131.235113775535","2053.6926758069435","2791.2745948493694","3474.255578105903","nan","30.501205150794053","sil"
"0.524125","1153.4311821070514","1962.3365659485526","2849.5678333723663","3495.835032107383","nan","30.9932080012593","sil"
"0.5303749999999999","1133.6578280424524","1856.0298742760829","2950.140476248483","3474.1076543549643","nan","31.1931221050134","sil"
"0.5366249999999999","1298.4031864058798","1980.962210978215","2879.848783540613","3328.333190350324","nan","31.339873518569863","sil"
"0.5428749999999999","1330.2064806380108","1991.0872397203784","2809.517123339385","3307.2399417552624","nan","32.741482544637456","sil"
"0.5491249999999999","1235.675773693777","1918.9602988919212","2728.498847473506","3374.3642271605504","nan","32.56162434423636","sil"
"0.555375","1241.2146799667503","2123.3621745979017","2641.7834623872272","3330.707680596333","nan","31.581440082066287","sil"
"0.5616249999999999","1176.7922026681877","2153.624818097862","2890.747196366824","3288.5652280474187","nan","30.900108470911032","sil"
"0.5678749999999999","1204.729958986854","2072.164281785347","3139.314651241237","3240.4269947782414","nan","31.43760138447323","sil"
"0.5741249999999999","1230.9041561577492","1934.2315090203297","3014.750509703589","3308.3895756175652","nan","31.084158401179483","sil"
"0.5803749999999999","1161.0408264835844","1794.336254343728","2837.354754887314","3471.6682292144883","nan","30.18401282599158","sil"
"0.586625","1145.3855398080987","1839.3282818931857","2851.6909925492823","3524.961203411525","nan","29.883889410327715","sil"
"0.5928749999999999","1210.2627177680174","1911.2863665067227","2877.1350615190345","3458.688722396876","nan","30.513575983212046","sil"
"0.5991249999999999","1221.2411353198113","2005.9248834833475","2875.30494457688","3439.9510394592266","nan","30.57691540782554","sil"
"0.6053749999999999","1205.9490740814979","2081.557588872785","2866.1474840498176","3473.3691468972647","nan","30.013548206740108","sil"
"0.6116249999999999","1213.3700644377575","2088.3591605797706","2854.0698094813038","3488.2901796647525","nan","29.249916079661755","sil"
"0.617875","1209.3549414678314","2069.745257584536","2832.118736804024","3507.8787493161726","nan","28.928666490767085","sil"
"0.6241249999999999","1211.5518342785297","2108.054487910499","2903.8611181019933","3505.286345483164","nan","29.565102693130275","sil"
"0.6303749999999999","1250.8254316609923","2123.972713645266","2976.995139209681","3470.3451035074518","nan","30.343805505780626","sil"
"0.6366249999999999","1302.4787051970004","2105.4030553322473","2892.523503393433","3407.5208866035873","nan","31.590633993299083","sil"
"0.642875","1425.5757183032397","1990.9249869767054","2838.5587336956874","3419.216851812314","nan","34.414570470778486","sil"
"0.649125","1379.2708951886284","1773.1805385867106","2624.621502836544","3144.611469239051","3441.879184337354","38.19031313458602","sil"
"0.6553749999999999","1218.15145038211","1686.7347245451977","2394.9738390310113","2812.696040036337","3431.0602301268445","39.908348325724866","sil"
"0.6616249999999999","1401.2902941841444","1780.0184057421066","2555.0001667174793","3084.3258684763623","nan","38.68406635246225","sil"
"0.6678749999999999","1616.5580830938407","1906.6961466697971","2696.3933019648994","3372.2609820098055","nan","35.18285858637986","sil"
"0.674125","1643.770169690209","1870.5441733350917","2671.7396759699723","3382.620132613493","nan","31.8631687987807","sil"
"0.680375","1586.0455759572624","1771.7025035462589","2654.9900267396","3370.9547933009644","nan","30.959861458921193","sil"
"0.6866249999999999","1440.6718694494916","1819.4709335609466","2691.5105344421454","3452.53234466834","nan","31.415283934701627","sil"
"0.6928749999999999","1337.893090407177","1871.6681081764912","2752.078735972926","3573.7344108441894","nan","31.580156098175205","sil"
"0.6991249999999999","1308.3844763316101","1914.1161683560863","2720.2718611756873","3575.708918517334","nan","30.805060709279758","sil"
"0.705375","1275.5922734896326","2064.894844841162","2681.148117979226","3545.5910108085536","nan","29.567829049196238","sil"
"0.711625","1212.5284598214678","2118.1057158836047","2711.458214473796","3483.014805338019","nan","29.30224502029451","sil"
"0.7178749999999999","1204.4122033411368","2031.4295765226896","2770.3767612523443","3416.5936773189324","nan","30.125343760992905","sil"
"0.7241249999999999","1220.344950915677","2007.990708806242","2781.095177468561","3405.60118802218","nan","30.3921735493036","sil"
"0.7303749999999999","1212.6603477969272","2159.600881655212","2802.2089458153914","3384.538606268993","nan","29.779053226798997","sil"
"0.736625","1208.841429009879","2281.395493022583","2838.8962925817136","3354.5961358679997","nan","28.554873885760422","sil"
"0.742875","1143.5613303908435","2135.4880756234165","2797.6151392299143","3380.854582597027","nan","27.547920631871513","sil"
"0.7491249999999999","1031.4992157796082","1963.1828167485542","2745.690204362226","3430.4923700542995","nan","27.39063283061097","sil"
"0.7553749999999999","1093.1649607596487","1999.089959113698","2779.1999263764537","3455.5275142115825","nan","27.367638000068713","sil"
"0.7616249999999999","1196.3225635893145","2086.2970323769614","2828.1122284967664","3444.571701205255","nan","27.114757342236363","sil"
"0.767875","1257.7478493087742","2093.8396432923564","2771.2623454673544","3426.2084809795347","nan","26.61184833198452","sil"
"0.774125","1294.7542119263692","2040.4471728218987","2727.5420202275627","3432.6984866169933","nan","26.16747755867744","sil"
"0.7803749999999999","1215.2924217132936","1979.3662315904885","2792.363665945999","3501.185344982903","nan","27.05592988556136","sil"
"0.7866249999999999","1179.473307980339","1985.7135055324666","2813.135376523125","3534.663216408955","nan","28.5486377264008","sil"
"0.7928749999999999","1241.6705843006152","1897.5389582997013","2704.0673784594464","3481.032174255386","nan","29.656654107092482","sil"
"0.799125","1307.4441195770758","1867.5717972037291","2661.1155235249676","3465.2733661857424","nan","29.627849560804776","sil"
"0.805375","1230.4031356522664","1986.1461302637665","2694.8661454677012","3446.0836877452066","nan","28.54100960723767","sil"
"0.8116249999999999","1172.5651124652481","2012.5553724081785","2745.3733003171983","3398.0321346913634","nan","27.2741970698546","sil"
"0.8178749999999999","1277.7188670054186","1852.876057511176","2749.8690773396092","3440.132363044363","nan","26.58720885724854","sil"
"0.8241249999999999","1266.5081158596818","1801.0720410471513","2644.989577379394","3506.98259826298","nan","26.91573496080887","sil"
"0.830375","969.010894675753","1580.1320093933664","2523.5430585729955","3520.403529629084","nan","27.063157278030324","sil"
"0.836625","660.2851932249614","1271.3512553567582","2453.613340783967","3394.1573570963455","4646.370823672878","30.34383015353158","sil"
"0.8428749999999999","651.4889216262388","1209.4742060140507","2393.1868574704013","3152.99041952884","nan","35.549045173189185","sil"
"0.8491249999999999","745.2004924896587","1176.5630668098302","2368.6575789810286","3049.12209463707","nan","40.727479608361286","k"
"0.8553749999999999","708.7906038486142","1188.3507306312035","2415.288857905445","3045.074259706822","nan","43.74366791248703","k"
"0.861625","619.3795730415819","1118.9275077078653","2548.8739604619204","3040.102329338612","nan","45.89176042152878","k"
"0.867875","592.5932562569466","1032.2274385710632","2639.4882422648707","3047.99029822424","nan","47.14631101870789","k"
"0.8741249999999999","632.1858189319826","907.3060196339565","2483.2412904164466","3083.0164946309733","nan","48.17035941422183","k"
"0.8803749999999999","619.7347811413581","1007.1259387725397","2457.4164515603597","3132.855675822378","nan","49.78461747269317","k"
"0.8866249999999999","520.705665789193","1003.5449606160639","2529.0816546245005","3148.760732286275","nan","52.610035704722925","o"
"0.892875","453.1418903547128","813.7767946176443","2554.2581270534347","3175.8176035901433","nan","54.84432810051136","o"
"0.899125","454.07031105668113","809.9146920959201","2692.3189492914044","3200.5629233025847","nan","56.52943517138009","o"
"0.9053749999999999","446.4613664124771","801.0806235602381","2800.8328247318004","3198.2094626541766","nan","57.80368251468818","o"
"0.9116249999999999","445.9509891219157","784.1577606306075","2915.5191932360312","3216.113209068672","3432.9188825251135","58.80102264291262","o"
"0.9178749999999999","455.27943532289737","796.5123172910155","2974.088407229314","3106.367750939129","3455.430001247285","59.851058177778974","o"
"0.924125","459.21860465448435","809.5038474214949","2775.2662301909722","2959.151099085737","3513.3993761425236","60.81317120860297","o"
"0.930375","458.09721308501867","815.0716956424037","2461.2735558592185","2956.377195075048","3563.523928128264","61.55595965642199","o"
"0.9366249999999999","459.40057745117167","821.6725861204195","2455.9259275809964","2950.0092647837964","3570.425426205759","61.9723722731543","o"
"0.9428749999999999","464.89983020459545","824.7727058347297","2729.4990383234867","3233.4179489157686","nan","62.02455616567793","o"
"0.9491249999999999","470.9492574757385","827.56557126145","2744.740037064371","3214.117414494693","3577.6625873051958","61.81341303095334","o"
"0.955375","478.714031011837","830.9706123121405","2576.117724126583","2911.8889415462477","3614.891153056462","61.38464299610677","o"
"0.961625","483.58640497499357","853.9108842400875","2652.2907996900694","2914.0503202204854","3673.15198069877","60.85965569831108","o"
"0.9678749999999999","484.7886543782722","887.6773901390981","2754.407587485017","2895.7530752370994","3686.8638075908448","60.42083513376982","o"
"0.9741249999999999","488.99930542796994","921.6346369605938","2779.430325303502","2893.8488402240205","3675.4257664144016","60.311200491796484","o"
"0.9803749999999999","487.7019673846612","937.5018194330178","2857.5337338619383","2937.826555749458","3686.122618028976","60.473860600492046","o"
"0.986625","487.5803854391571","956.0959479363557","2648.2061230283725","2984.650764223097","3702.66193949422","60.89190711891634","o"
"0.992875","488.06621446252166","978.4340280176159","2394.9705728382305","2982.2273978955154","3667.8446847991854","61.32893029953727","o"
"0.9991249999999999","487.59566227303026","986.7380755514541","2454.8499352139875","2997.079989947345","3631.054098938721","61.15498817079376","o"
"1.005375","488.2620319952074","1022.2930458036498","2598.6579087696564","3014.6385899996003","3664.836712610245","60.09781852604714","o"
"1.011625","483.5729340259039","1077.8294026624974","2620.096086474996","3031.038206106859","3664.951357524082","58.642633156481686","o"
"1.017875","480.0721974182396","1110.7259320574767","2596.0520809721984","3069.124371534302","3613.7266849197636","57.00041110070733","o"
"1.024125","474.6995670726247","1117.4472180811645","2625.136204041918","3076.469043773568","3646.3186243276205","55.16999418525423","o"
"1.0303749999999998","485.67838758604864","1124.0779663694668","2638.1613601393424","3017.975939566339","3694.128935524503","52.76104024637883","o"
"1.036625","484.80626004889604","1178.7517533404528","2684.360824615292","2959.900496502582","3675.97535431949","50.30106205395389","s"
"1.042875","463.97602304231367","1236.5238074034373","2779.7293748913203","2957.5599306003196","3700.0971770175256","48.32638229572366","s"
"1.049125","502.3878991488498","1280.829646367822","2822.4815166415956","2995.1292786545573","3725.725512433588","46.997092921836874","s"
"1.0553749999999997","585.6143473784023","1298.3013630599592","2767.5749729492536","3029.88756151672","3707.8266263162477","45.97491118379102","s"
"1.0616249999999998","717.9303001431404","1302.4127707354955","2746.890324091661","3039.025089496401","3708.8729236682184","45.91895283352393","s"
"1.067875","725.0160724228942","1380.1780822068545","2773.655634838101","3004.884301901922","3711.1325580075713","45.79504022461008","s"
"1.074125","692.1237648318256","1413.2110507295188","2799.920319824191","2979.2094122419517","3697.189594802865","45.334216663086906","s"
"1.080375","565.5577166760168","1421.2799619690077","2796.428090549893","3003.56161036087","3690.1753225304983","44.61758615130413","s"
"1.0866249999999997","463.0204068455988","1477.9199380228224","2758.152742305967","3049.459634146035","3663.516151029509","43.92779094286702","s"
"1.0928749999999998","639.2563982775479","1417.120918558535","2767.666284075251","3093.209687190057","3655.400069943523","43.41839024794105","s"
"1.099125","768.9483696952396","1358.9730680246755","2815.925642558848","3098.9798106045073","3665.515844756611","43.03176037393674","s"
"1.105375","840.1596096875385","1421.0700424178874","2806.790414186035","3082.5486526538116","3613.140479886204","42.71174423729717","s"
"1.111625","811.8563800918284","1468.86690764055","2748.2868592192826","3088.4479142228843","3594.4685380349383","42.409402819272564","s"
"1.1178749999999997","754.1547481543992","1517.771103896331","2779.1677308963694","3131.5121380543","3650.414003460624","41.80772554329998","s"
"1.1241249999999998","777.9924391660365","1605.7552061302333","2917.855208946189","3186.4757401199486","3691.8764384995447","41.66753962866848","s"
"1.130375","774.8753234805073","1631.8620802922637","3006.1153299375424","3249.168743654268","3688.5508167797298","42.38935961577906","s"
"1.136625","752.810982324278","1588.438107398625","3008.1756035622802","3206.6684542374246","3672.347379651345","44.053445456321974","s"
"1.142875","691.1083004924358","1576.1600587202456","3018.270541155257","3160.585619836575","3664.9585095172106","46.23592673944359","s"
"1.1491249999999997","668.9972826939877","1587.2408422885578","3031.971668377939","3194.6036737150985","3607.4655155871574","47.50670849019133","s"
"1.1553749999999998","761.3444331636153","1654.251313986326","3012.93275368329","3110.3770322598543","3527.657248914131","47.79739325326346","s"
"1.161625","662.2919338200556","1737.0935663795153","2964.8696998535897","3037.748898481545","3516.677546079854","48.08009688410919","s"
"1.167875","440.06992473265245","1751.1109985201049","2876.0913325569263","3096.9161485296963","3529.7675278941974","49.85488689823944","s"
"1.174125","379.5514912205847","1736.1596235875925","2729.0177326749354","3161.219311364741","3598.5952733320273","52.98644703009632","i"
"1.1803749999999997","369.70166037043793","1718.177837198155","2567.849015488909","3154.2426562104383","3660.7624808046044","55.796953841853224","i"
"1.1866249999999998","360.809531966343","1714.3041626510364","2516.1670023572306","3065.7968571665333","3621.947012641326","57.910336613816334","i"
"1.192875","364.8947969245047","1746.1505268626333","2558.2673975790412","2997.2278039115668","3623.403942821164","59.324535712401136","i"
"1.199125","368.82962853204947","1702.5733981376966","2401.7611868010063","3013.4881084337167","3681.6702988775796","60.27347015444748","i"
"1.205375","358.80732361380615","1613.5233076675236","2248.0648609044165","3049.487540893785","3696.587247034806","60.887892485203515","i"
"1.2116249999999997","338.5827929101244","1606.01313104359","2317.3587022951815","3034.0122237377586","3637.562935213205","61.32544598238634","i"
"1.2178749999999998","327.5691832966845","1617.142901227448","2389.0311106093095","2979.8042427117302","3552.822188272144","61.74095628757383","i"
"1.224125","322.763391148274","1584.399438086742","2423.9384090653602","2964.363099702934","3544.868698048719","62.26282890557945","i"
"1.230375","324.02399213576916","1519.741899441764","2514.112257569136","2973.497966116065","3598.402952552402","62.92774893845797","i"
"1.236625","327.1887706181541","1523.6423246023526","2589.7588456663325","2973.3753160605293","3615.0169422142862","63.525293399214014","i"
"1.2428750000000002","324.08686227901813","1562.9562029692104","2522.640497272953","2984.4540869833213","3585.623401289525","63.93934742151658","i"
"1.2491249999999998","320.98894684354997","1508.3237255775869","2420.130127915287","3000.4035953182306","3592.8471899043043","64.14614306145772","i"
"1.255375","320.1291479922537","1410.5337029517207","2335.1476437629226","3002.454116179546","3620.030976758484","64.23195637475656","i"
"1.261625","336.7674597687351","1314.0209149873917","2246.254267183259","2976.9081327432773","3606.5460286037583","64.30042410783173","i"
"1.267875","368.09277757103047","1281.0496162002937","2158.0841077539417","2939.3108572470774","3577.1155168761024","64.24716604538355","i"
"1.2741250000000002","385.7893870770925","1323.0316987244194","2110.515986887038","2934.1748254754675","3573.3752381749264","63.979661981839975","i"
"1.2803749999999998","384.16933122708065","1327.6860660610707","2068.4078932462585","2937.6022034664165","3591.252208349409","63.47095203996025","i"
"1.286625","353.9489671517004","1405.2497463017696","1996.1135329626638","2952.236629404518","3578.8271245055867","62.904438171759594","i"
"1.292875","306.99558062856966","1597.6267318685254","2086.835761211976","2985.338856729206","3562.0377382361758","62.50061071634743","i"
"1.299125","289.41540881027197","1579.4162459924398","2333.52827156897","2979.2813713760006","3558.5439380993475","62.19259037743492","i"
"1.3053750000000002","299.34543332262524","1453.4146904798959","2535.9246727994573","2907.847050876059","3557.7547557167704","61.85988175295793","i"
"1.3116249999999998","309.36964952063255","1447.7046641039212","2667.597500084767","2815.7592671541775","3564.762718238868","61.384912437169476","i"
"1.317875","315.84944537030907","1430.4439585232635","2707.7686541681046","2770.4688045477797","3556.3792730355835","61.19954248993593","i"
"1.324125","310.6202759520222","1423.312935510141","2632.0619081196455","2801.6933421833264","3570.485225978276","61.44914318023355","i"
"1.330375","294.2911952457115","1424.3721792334127","2550.849180775245","2867.715337752994","3621.0766095483796","61.91116732345804","n"
"1.3366250000000002","288.9432790898706","1386.3284414138006","2527.1691663080146","2875.2256874787013","3644.1336730480325","62.27491277303437","n"
"1.3428749999999998","301.93313173716274","1346.5440797561348","2546.945778793929","2804.2374124395533","3628.9903727860014","62.292971799409074","n"
"1.349125","319.4244622621679","1313.8056598430542","2511.60769292253","2837.363907526774","3614.6877652568164","61.88570419107721","n"
"1.355375","322.94754307967827","1281.704930930915","2411.9920094010427","2903.2293455329973","3599.087072802069","61.09092106274365","n"
"1.361625","316.27433520310007","1273.183847765285","2378.9605460232488","2906.973568619459","3542.0986162805766","60.16300005136337","n"
"1.3678750000000002","424.5911511835011","1317.724465884812","2210.600336804322","2959.998356685537","3385.5842168060562","59.549503479996964","n"
"1.3741249999999998","546.3162434460028","1421.7447420254055","1987.348004041514","2964.012829738648","3257.6132550421744","60.1556254841946","a"
"1.380375","565.1429055020297","1498.5670886465323","1918.290942657277","2896.75848653824","3239.7797804804327","60.892599870537865","a"
"1.386625","578.5091606691158","1505.8010810581573","1916.3718989769318","2853.1072234116223","3257.0487346589125","61.00490842237754","a"
"1.392875","596.9165800779185","1494.3018268492383","1913.3413355350403","2861.2203334164215","3323.3440175308724","60.263891108174356","a"
"1.3991250000000002","608.7171837162929","1480.022503635421","1852.2480948959862","2946.1268601838374","3406.903239778067","59.31974955368302","a"
"1.4053749999999998","612.9713619399533","1459.0048225122803","1967.3383337005137","3020.5543837743276","3459.3467310679403","58.21837631322504","a"
"1.411625","625.1729012907236","1419.3743707790802","2255.776119708129","2991.1617104499965","3399.8236687806734","56.667055459172566","a"
"1.417875","640.6184754905319","1420.3869945973097","2229.470726999972","2905.5650538929726","3268.9522586045023","55.035308730141914","a"
"1.424125","622.9188759430685","1447.7761584551413","1897.1386219537562","2893.3150522697697","3244.051134180516","53.959245427228154","a"
"1.4303750000000002","626.9364125162093","1430.233574101617","1746.9214851951622","2970.255535364332","3305.8611742991598","53.674770000527765","a"
"1.4366249999999998","659.5133954070188","1408.2557106200331","1909.0456711288257","2979.951938858758","3391.228410306162","53.25212293457852","a"
"1.442875","682.2693060929934","1384.7723799368641","2068.081598437804","2961.167015932679","3459.8425408844214","52.341998678581774","a"
"1.449125","693.011438889496","1349.175912283152","2129.2098794337385","2971.6797826046095","3436.947718166869","50.87802195799213","a"
"1.455375","761.9417762288782","1370.0993084776317","2534.1545313460133","3104.419878090427","nan","49.097638219508084","a"
"1.4616250000000002","895.5828915866003","1447.4717403767954","2905.4996430186","3243.2365576099646","nan","47.81831019215935","a"
"1.4678749999999998","973.2103201494104","1526.7117983689775","2905.0088077698824","3326.529806516493","nan","46.91414456450772","a"
"1.474125","989.6657169103466","1569.1297204290527","2877.500540525037","3362.9446851097955","nan","46.030309066708554","a"
"1.480375","1000.9685938769351","1624.0816459747405","2849.2277925935514","3305.9862687273976","nan","44.854612431830105","a"
"1.486625","955.2343666782663","1611.4896135700087","2859.855173757205","3272.768976388861","nan","43.580770919244806","a"
"1.4928750000000002","888.7446584808127","1536.2743939567385","2876.676085532675","3289.5921082600844","nan","42.65480546029717","a"
"1.4991249999999998","851.0581202061925","1521.9896785159851","2324.110873169064","3114.3748600772374","nan","41.74654170032653","a"
"1.505375","920.0868410983061","1573.7926055465148","2324.76557230268","3077.837198220551","3410.892704846928","40.52870526950297","sil"
"1.511625","1085.2580209783723","1695.7963787189979","2826.569403306962","3228.4225254301764","nan","38.82513468328122","sil"
"1.517875","1151.421730738004","1779.8711275121668","2821.951278346439","3180.290804348314","nan","38.0470433408579","sil"
"1.5241250000000002","1098.4227271873804","1787.3160855223678","2883.19451718913","3199.7890461949733","nan","37.39767447050837","sil"
"1.5303749999999998","1014.2313553586213","1704.0619028511098","2862.282871642659","3276.3315233369476","nan","36.11874737852771","sil"
"1.536625","1108.6070518829572","1670.470066361077","2800.4051403091894","3289.2219100600755","nan","33.95132866515825","sil"
"1.542875","902.4963504336472","1516.7154707046552","2568.088374412562","3180.091054053838","nan","31.883591692546112","sil"
"1.549125","813.2491751607463","1644.8637434900184","2703.136844017327","3074.4262143519395","nan","31.35156403702227","sil"
"1.5553750000000002","1063.784101909054","1842.3664351604186","2940.1856033837416","3134.7849041370528","nan","31.432868198292017","sil"
"1.5616249999999998","1108.6898075055444","1653.193642315972","2755.550137314067","3242.4990263583763","nan","31.472950891158774","sil"
"1.567875","1199.0479030979045","1508.1361336872849","2598.5574833807314","3281.2969271284746","nan","31.174084319640713","sil"
"1.574125","1205.613522111269","1407.743340011562","2652.6375850160184","3262.160438371864","nan","31.275394307488405","sil"
"1.580375","1271.3046826091695","1453.5780526403096","2828.040926070104","3269.640529197994","nan","30.739988217963724","sil"
"1.5866250000000002","1300.626912912723","1545.7682847828","2794.2098468556287","3309.643964376798","nan","29.481311829511966","sil"
"1.5928749999999998","1237.536349277344","1770.6049139406753","2783.2303982659073","3317.6906191406356","nan","27.976561148257","sil"
"1.599125","1282.9903254778258","1964.2752446157883","2853.5158651893144","3327.8372924909118","nan","27.40724341022449","sil"
"1.605375","1305.0592458199471","1979.8994813974502","2907.360954814084","3334.936003431828","nan","28.26117656917944","sil"
"1.611625","1293.96778082719","2035.0147189331033","2954.1329927420147","3350.2213907663963","nan","29.583883769680078","sil"
"1.6178750000000002","1283.8418662369966","2046.0190857243306","2933.737615084772","3379.9306184498437","nan","30.60635716769374","sil"
"1.6241249999999998","1291.58916446572","1983.8172472262631","2920.8631484807215","3387.6953842848843","nan","30.865012633788727","sil"
"1.630375","1300.2069247691013","1958.1327007688512","2909.474499295568","3398.8655233654613","nan","30.94415060588174","sil"
"1.636625","1293.3886673893485","2037.1214494435967","2894.272026083225","3402.8977570422994","nan","31.141728537669405","sil"
"1.642875","1262.595105600117","2086.738244215198","2828.3585041456645","3373.413766927039","nan","30.86964501333222","sil"
"1.6491250000000002","1165.3948086159085","2072.5948454282056","2736.615598406505","3350.025100296132","nan","29.91183858914441","sil"
"1.6553749999999998","1099.9957677113575","2055.5547237012825","2761.874829569487","3374.1352531809316","nan","28.6976942244008","sil"
"1.661625","1124.7866373698957","2011.622022781749","2839.6206742939207","3417.253880793597","nan","27.444990803492534","sil"
"1.667875","1147.0746488892887","2015.2062047092625","2860.401310305124","3399.8789292267993","nan","26.623932975002784","sil"
"1.674125","1119.8869649262697","2041.9866045919114","2837.4236734652695","3382.3409576252034","nan","26.689480680735677","sil"
"1.6803750000000002","1049.1970645969654","2042.9799369541438","2835.1427274823573","3407.7237589105994","nan","27.70908441278658","sil"
"1.6866249999999998","1008.8986793139492","2045.6621976021604","2894.6752667458463","3433.171716416647","nan","28.437152757217127","sil"
"1.692875","1010.7804109679863","2047.57207857406","2905.1667567655995","3405.789679860914","nan","28.26794007649444","sil"
"1.699125","1069.76957941202","2080.145555026757","2888.9526444157027","3386.9390923870933","nan","28.09931171493131","sil"
"1.705375","1160.0689570073282","2128.6965162472857","2910.27774974055","3427.5019030507933","nan","28.26498283036884","sil"
"1.7116250000000002","1159.3452907841615","2109.811518787039","2869.6870737926774","3437.1096581957863","nan","28.412675489598033","sil"
"1.7178749999999998","1074.467829684774","2057.2043678210543","2738.7090426492077","3405.23460807965","nan","27.894128198250648","sil"
"1.724125","1135.138903478007","1881.5247931121326","2711.9823004319414","3368.6196172641753","nan","27.554658292908535","sil"
"1.730375","1347.9383470345963","1775.6687396936418","2752.7791042034023","3354.0532934789367","nan","27.376364867611425","sil"
"1.736625","1478.4151968580345","1747.8700616514184","2763.1322452083223","3387.2494570081863","nan","27.239694125735923","sil"
"1.7428750000000002","1194.0428556636002","1784.8000615700093","2898.9360961219454","3409.39483556733","nan","27.33099559644122","sil"
"1.7491249999999998","1000.2715655892758","1981.7266677519128","2896.684633539762","3426.1505182126375","nan","27.8118845616316","sil"
"1.755375","1131.6025049894718","2075.368957125506","2855.392128064732","3494.7474134664044","nan","28.652241711041043","sil"
"1.761625","1134.8373925768292","2090.442759039231","2933.2005331763967","3495.2744129530133","nan","29.35097482729132","sil"
"1.767875","nan","nan","nan","nan","nan","nan","sil"
